Code	Incipit	Rubrica	File	Source	Duplicate of		
A1F1N1L1	Incipit liber Isaíæ Prophétæ	Is. 1: 1-3					
A1F1N1L2		Is. 1: 4-6					
A1F1N1L3		Is. 1: 7-9					
A1F2L1	De Isaía Prophéta	Is. 1: 16-18					
A1F2L2		Is. 1: 19-23					
A1F2L3		Is. 1: 24-28					
A1F3L1	De Isaía Prophéta	Is. 2: 1-3					
A1F3L2		Is. 2: 4-6					
A1F3L3		Is. 2: 7-9					
A1F4L1	De Isaía Prophéta	Is. 3: 1-4					
A1F4L2		Is. 3: 5-7					
A1F4L3		Is. 3: 8-11					
A1F5L1	De Isaía Prophéta	Is. 4: 1-3					
A1F5L2		Is. 5: 1-4					
A1F5L3		Is. 5: 5-7					
A1F6L1	De Isaía Prophéta	Is. 6: 1-3					
A1F6L2		Is. 6: 4-7					
A1F6L3		Is. 6: 8-10					
A1F7L1	De Isaía Prophéta	Is. 7: 1-3					
A1F7L2		Is. 7: 4-6					
A1F7L3		Is. 7: 10-15					
A2F1N1L1	De Isaía Prophéta	Is. 11: 1-4					
A2F1N1L2		Is. 11: 4-7					
A2F1N1L3		Is. 11: 8-10					
A2F2L1	De Isaía Prophéta	Is. 13: 1-4					
A2F2L2		Is. 13: 4-8					
A2F2L3		Is. 13: 9-11					
A2F3L1	De Isaía Prophéta	Is. 14: 1-2					
A2F3L2		Is. 14: 3-6					
A2F3L3		Is. 14: 12-15					
A2F4L1	De Isaía Prophéta	Is. 16: 1-4					
A2F4L2		Is. 16: 4-6					
A2F4L3		Is. 16: 7-8					
A2F5L1	De Isaía Prophéta	Is. 19: 1-2					
A2F5L2		Is. 19: 3-6					
A2F5L3		Is. 19: 11-13					
A2F6L1	De Isaía Prophéta	Is. 24: 1-3					
A2F6L2		Is. 24: 4-6					
A2F6L3		Is. 24: 7-16					
A2F7L1	De Isaía Prophéta	Is. 25: 1-4					
A2F7L2		Is. 25: 4-7					
A2F7L3		Is. 25: 8-12					
A3F1N1L1	De Isaía Prophéta	Is. 26: 1-6					
A3F1N1L2		Is. 26: 7-10					
A3F1N1L3		Is. 26: 11-14					
A3F2L1	De Isaía Prophéta	Is. 28: 1-3					
A3F2L2		Is. 28: 4-7					
A3F2L3		Is. 28: 16-18					
A3F3L1	De Isaía Prophéta	Is. 30: 18-20					
A3F3L2		Is. 30: 22-25					
A3F3L3		Is. 30: 26-28					
A3F5L1	De Isaía Prophéta	Is. 33: 1-2					
A3F5L2		Is. 33: 3-6					
A3F5L3		Is. 33: 14-17					
A4F1N1L1	De Isaía Prophéta	Is. 35: 1-7					
A4F1N1L2		Is. 35: 7-10					
A4F1N1L3		Is. 41: 1-4					
A4F2L1	De Isaía Prophéta	Is. 41: 8-10					
A4F2L2		Is. 41: 11-13					
A4F2L3		Is. 41: 14-16					
A4F3L1	De Isaía Prophéta	Is. 42: 1-4					
A4F3L2		Is. 42: 5-7					
A4F3L3		Is. 42: 10-13					
A4F4L1	De Isaía Prophéta	Is. 51: 1-3					
A4F4L2		Is. 51: 4-6					
A4F4L3		Is. 51: 7-8					
A4F5L1	De Isaía Prophéta	Is. 64: 1-4					
A4F5L2		Is. 64: 5-7					
A4F5L3		Is. 64: 8-11					
A4F6L1	De Isaía Prophéta	Is. 66: 5-8					
A4F6L2		Is. 66: 9-12					
A4F6L3		Is. 66: 13-16					
1225N1L1		Is. 9: 1-6					
1225N1L2		Is. 40: 1-8					
1225N1L3		Is. 52: 1-6					
1226N1L1	De Actibus Apostolórum	Ac. 6, 1-6					
1226N1L2		Ac. 6: 7-10; 7: 54					
1226N1L3		Ac. 7: 55-59					
1227N1L1	Incipit Epístola prima beáti Joánnis Apóstoli	1 Jn. 1: 1-5			P6F1N1L1		
1227N1L2		1 Jn. 1: 6-10			P6F1N1L2		
1227N1L3		1 Jn. 2: 1-6			P6F1N1L3		
1228N1L1	De Jeremía Prophéta	Jr 31: 15-17					
1228N1L2		Jr 31: 18-20					
1228N1L3		Jr 31: 21-23					
1229N1L1	Incipit Epístola beáti Pauli Apóstoli ad Romános	Rm. 1: 1-7					
1229N1L2		Rm. 1: 8-12					
1229N1L3		Rm. 1: 13-19					
1230N1L1	De Epístola ad Romános	Rm. 2: 1-4					
1230N1L2		Rm. 2: 5-8					
1230N1L3		Rm. 2: 9-13					
1231N1L1	De Epístola ad Romános	Rm. 3: 19-22					
1231N1L2		Rm. 3: 23-26					
1231N1L3		Rm. 3: 27-31					
0101N1L1	De Epístola ad Romános	Rm. 4: 1-8					
0101N1L2		Rm. 4: 9-12					
0101N1L3		Rm. 4: 13-17					
N2F1N1L1	De Actibus Apostolórum	Ac. 3: 1-8				cf. P1F4L1 sq	
N2F1N1L2		Ac. 3: 9-16					
N2F1N1L3		Ac. 4: 5-12					
0102N1L1	De Epístola ad Romános	Rm. 5: 1-5					
0102N1L2		Rm. 5: 6-9					
0102N1L3		Rm. 5: 10-12					
0103N1L1	De Epístola ad Romános	Rm. 6: 1-5					
0103N1L2		Rm. 6: 6-11					
0103N1L3		Rm. 6: 12-18					
0104N1L1	De Epístola ad Romános	Rm. 7: 1-3					
0104N1L2		Rm. 7: 4-6					
0104N1L3		Rm. 7: 7-9					
0105N1L1	De Epístola ad Romános	Rm. 8: 1-4					
0105N1L2		Rm. 8: 5-9					
0105N1L3		Rm. 8: 9-11					
0106bN1L1	De Epístola ad Romános	Rm. 8: 12-16					
0106bN1L2		Rm. 8: 17-20					
0106bN1L3		Rm. 8: 21-25					
0106N1L1	De Isaía Prophéta	Is. 55: 1-4					
0106N1L2		Is. 60: 1-6					
0106N1L3		Is. 61: 10-11; 62: 1					
E1F1N1L1	De Epístola beáti Pauli Apóstoli ad Colossénses	Col. 3: 12-16					
E1F1N1L2		Col. 3: 17-21					
E1F1N1L3		Col. 3: 22-25; 4: 1-2					
0107N1L1	De Epístola ad Romános	Rm. 9: 1-5					
0107N1L2		Rm. 9: 6-10					
0107N1L3		Rm. 9: 11-16					
0108N1L1	De Epístola ad Romános	Rm. 12: 1-3					
0108N1L2		Rm. 12: 4-8					
0108N1L3		Rm. 12: 9-16					
0109N1L1	De Epístola ad Romános	Rm. 13: 1-4					
0109N1L2		Rm. 13: 4-7					
0109N1L3		Rm. 13: 8-10					
0110N1L1	De Epístola ad Romános	Rm. 14: 1-4					
0110N1L2		Rm. 14: 5-8					
0110N1L3		Rm. 14: 9-13					
0111N1L1	De Epístola ad Romános	Rm. 15: 1-4					
0111N1L2		Rm. 15: 5-11					
0111N1L3		Rm. 15: 12-16					
0112N1L1	De Epístola ad Romános	Rm. 16: 1-5					
0112N1L2		Rm. 16: 17-19					
0112N1L3		Rm. 16: 21-24					
E1F1bN1L1	Incipit Epístola prima beáti Pauli Apóstoli ad Corínthios	1 Co. 1: 1-3					
E1F1bN1L2		1 Co. 1: 4-9					
E1F1bN1L3		1 Co. 1: 10-13					
E1F2L1	De Epístola prima ad Corínthios	1 Co. 2: 1-5					
E1F2L2		1 Co. 2: 6-9					
E1F2L3		1 Co. 2: 10-13					
E1F3L1	De Epístola prima ad Corínthios	1 Co. 5: 1-5					
E1F3L2		1 Co. 5: 6-8					
E1F3L3		1 Co. 5: 9-11					
E1F4L1	De Epístola prima ad Corínthios	1 Co. 6: 1-6					
E1F4L2		1 Co. 6: 7-11					
E1F4L3		1 Co. 6: 12-18					
E1F5L1	De Epístola prima ad Corínthios	1 Co. 7: 1-4					
E1F5L2		1 Co. 7: 5-9					
E1F5L3		1 Co. 7: 10-14					
E1F6L1	De Epístola prima ad Corínthios	1 Co. 13: 1-3					
E1F6L2		1 Co. 13: 4-10					
E1F6L3		1 Co. 13: 11-13					
E1F7L1	De Epístola prima ad Corínthios	1 Co. 16: 1-4					
E1F7L2		1 Co. 16: 5-9					
E1F7L3		1 Co. 16: 10-14					
E2F1N1L1	Incipit Epístola secúnda beáti Pauli Apóstoli ad Corínthios	2 Co. 1: 1-5					
E2F1N1L2		2 Co. 1: 6-7					
E2F1N1L3		2 Co. 1: 8-11					
E2F2L1	De Epístola secúnda ad Corínthios	2 Co. 3: 1-3					
E2F2L2		2 Co. 3: 4-8					
E2F2L3		2 Co. 3: 9-14					
E2F3L1	De Epístola secúnda ad Corínthios	2 Co. 5: 1-4					
E2F3L2		2 Co. 5: 6-10					
E2F3L3		2 Co. 5: 11-15					
E2F4L1	De Epístola secúnda ad Corínthios	2 Co. 7: 1-3					
E2F4L2		2 Co. 7: 4-7					
E2F4L3		2 Co. 7: 8-10					
E2F5L1	De Epístola secúnda ad Corínthios	2 Co. 10: 1-3					
E2F5L2		2 Co. 10: 4-7					
E2F5L3		2 Co. 10: 8-12					
E2F6L1	De Epístola secúnda ad Corínthios	2 Co. 12: 1-4					
E2F6L2		2 Co. 12: 5-9					
E2F6L3		2 Co. 12: 9-11					
E2F7L1	De Epístola secúnda ad Corínthios	2 Co. 13: 1-4					
E2F7L2		2 Co. 13: 5-9					
E2F7L3		2 Co. 13: 10-13					
E3F1N1L1	Incipit Epístola beáti Pauli Apóstoli ad Gálatas	Ga. 1: 1-5					
E3F1N1L2		Ga. 1: 6-10					
E3F1N1L3		Ga. 1: 11-14					
E3F2L1	De Epístola ad Gálatas	Ga. 3: 1-6					
E3F2L2		Ga. 3: 7-10					
E3F2L3		Ga. 3: 11-14					
E3F3L1	De Epístola ad Gálatas	Ga. 5: 1-5					
E3F3L2		Ga. 5: 6-10					
E3F3L3		Ga. 5: 11-17					
E3F4L1	Incipit Epístola beáti Pauli Apóstoli ad Ephésios	Ep. 1: 1-4					
E3F4L2		Ep. 1: 5-10					
E3F4L3		Ep. 1: 11-14					
E3F5L1	De Epístola ad Ephésios	Ep. 4: 1-6					
E3F5L2		Ep. 4: 7-10					
E3F5L3		Ep. 4: 11-15					
E3F6L1	De Epístola ad Ephésios	Ep. 5: 1-4					
E3F6L2		Ep. 5: 5-8					
E3F6L3		Ep. 5: 9-14					
E3F7L1	De Epístola ad Ephésios	Ep. 6: 1-4					
E3F7L2		Ep. 6: 5-9					
E3F7L3		Ep. 6: 10-13					
E4F1N1L1	Incipit Epístola beáti Pauli Apóstoli ad Philippénses	Ph. 1: 1-7					
E4F1N1L2		Ph. 1: 8-14					
E4F1N1L3		Ph. 1: 15-18					
E4F2L1	De Epístola ad Philippénses	Ph. 4: 1-3					
E4F2L2		Ph. 4: 4-7					
E4F2L3		Ph. 4: 8-10					
E4F3L1	Incipit Epístola beáti Pauli Apóstoli ad Colossénses	Col. 1: 1-8					
E4F3L2		Col. 1: 9-12					
E4F3L3		Col. 1: 13-18					
E4F4L1	De Epístola ad Colossénses	Col. 3: 12-15				cf. E1F1N1L1	peut-être carrément doublons
E4F4L2		Col. 3: 16-21				cf. E1F1N1L2	
E4F4L3		Col. 3: 22-25;4: 1-2				cf. E1F1N1L3	
E4F5L1	Incipit Epístola prima beáti Pauli Apóstoli ad Thessalonicénses	1 Th. 1: 1-5					
E4F5L2		1 Th. 1: 6-10					
E4F5L3		1 Th. 2: 1-6					
E4F6L1	De Epístola prima ad Thessalonicénses	1 Th. 4: 1-5					
E4F6L2		1 Th. 4: 6-8					
E4F6L3		1 Th. 4: 9-12					
E4F7L1	Incipit Epístola secúnda beáti Pauli Apóstoli ad Thessalonicénses	2 Th. 1: 1-5					
E4F7L2		2 Th. 1: 6-12					
E4F7L3		2 Th. 2: 1-4					
E5F1N1L1	Incipit Epístola prima beáti Pauli Apóstoli ad Timótheum	1 Tm. 1: 1-4					
E5F1N1L2		1 Tm. 1: 5-11					
E5F1N1L3		1 Tm. 1: 12-16					
E5F2L1	De Epístola prima ad Timótheum	1 Tm. 3: 1-7					
E5F2L2		1 Tm. 3: 8-13					
E5F2L3		1 Tm. 3: 14-16; 4: 1					
E5F3L1	Incipit Epístola secúnda beáti Pauli Apóstoli ad Timótheum	2 Tm. 1: 1-5					
E5F3L2		2 Tm. 1: 6-9					
E5F3L3		2 Tm. 1: 10-13					
E5F4L1	De Epístola secúnda ad Timótheum	2 Tm. 3: 1-5					
E5F4L2		2 Tm. 3: 6-9					
E5F4L3		2 Tm. 3: 10-13					
E5F5L1	Incipit Epístola beáti Paul Apóstoli ad Titum	Tt. 1: 1-4					
E5F5L2		Tt. 1: 5-9					
E5F5L3		Tt. 1: 10-15					
E5F6L1	De Epístola ad Titum	Tt. 2: 15; 3: 1-2					
E5F6L2		Tt. 3: 3-7					
E5F6L3		Tt. 3: 8-11					
E5F7L1	Incipit Epístola beáti Pauli Apóstoli ad Philémonem	Phm. 1: 1-6					
E5F7L2		Phm. 1: 7-11					
E5F7L3		Phm. 1: 12-19					
E6F1N1L1	Incipit Epístola beáti Pauli Apóstoli ad Hebrǽos	He. 1: 1-4					
E6F1N1L2		He. 1: 5-9					
E6F1N1L3		He. 1: 10-14					
E6F2L1	De Epístola ad Hebrǽos	He. 3: 1-4					
E6F2L2		He. 3: 5-8					
E6F2L3		He. 3: 12-16					
E6F3L1	De Epístola ad Hebrǽos	He. 4: 1-3					
E6F3L2		He. 4: 4-7					
E6F3L3		He. 4: 8-12					
E6F4L1	De Epístola ad Hebrǽos	He. 6: 1-3					
E6F4L2		He. 6: 4-6					
E6F4L3		He. 6: 7-10					
E6F5L1	De Epístola ad Hebrǽos	He. 7: 1-3					
E6F5L2		He. 7: 4-6					
E6F5L3		He. 7: 7-12					
E6F6L1	De Epístola ad Hebrǽos	He. 11: 1-4					
E6F6L2		He. 11: 5-7					
E6F6L3		He. 11: 8-10					
E6F7L1	De Epístola ad Hebrǽos	He. 13: 1-4					
E6F7L2		He. 13: 5-8					
E6F7L3		He. 13: 9-12					
7GF1N1L1	Incipit liber Génesis	Gn. 1: 1-8	x	AELF			
7GF1N1L2		Gn. 1: 9-19	x	AELF			
7GF1N1L3		Gn. 1: 20-26	x	AELF			
7GF2L1	De libro Génesis	Gn. 1: 27-31	x	AELF			
7GF2L2		Gn. 2: 1-6	x	AELF			
7GF2L3		Gn. 2: 6-10	x	AELF			
7GF3L1	De libro Génesis	Gn. 2: 15-18	x	AELF			
7GF3L2		Gn. 2: 19-20	x	AELF			
7GF3L3		Gn. 2: 21-24	x	AELF			
7GF4L1	De libro Génesis	Gn. 3: 1-7	x	AELF			
7GF4L2		Gn. 3: 7-13	x	AELF			
7GF4L3		Gn. 3: 14-20	x	AELF			
7GF5L1	De libro Génesis	Gn. 4: 1-7	x	AELF			
7GF5L2		Gn. 4: 8-12	x	AELF			
7GF5L3		Gn. 4: 13-16	x	AELF			
7GF6L1	De libro Génesis	Gn. 4: 17-22	x	AELF			
7GF6L2		Gn. 4: 23-26	x	AELF			
7GF6L3		Gn. 5: 1-5	x	AELF			
7GF7L1	De libro Génesis	Gn. 5: 5-21	x	AELF			
7GF7L2		Gn. 5: 22-27	x	AELF			
7GF7L3		Gn. 5: 28-31	x	AELF			
6GF1N1L1	De libro Génesis	Gn. 5: 31; 6: 1-4	x	AELF			
6GF1N1L2		Gn. 6: 5-8	x	AELF			
6GF1N1L3		Gn. 6: 9-15	x	AELF			
6GF2L1	De libro Génesis	Gn. 7: 1-4	x	AELF			
6GF2L2		Gn. 7: 5, 10-12	x	AELF			
6GF2L3		Gn. 7: 13-14, 17	x	AELF			
6GF3L1	De libro Génesis	Gn. 8: 1-4	x	AELF			
6GF3L2		Gn. 8: 5-9	x	AELF			
6GF3L3		Gn. 8:10-13	x	AELF			
6GF4L1	De libro Génesis	Gn. 8: 15-19	x	AELF			
6GF4L2		Gn. 8: 20-22	x	AELF			
6GF4L3		Gn. 9: 1-6	x	AELF			
6GF5L1	De libro Génesis	Gn. 9: 12-15	x	AELF			
6GF5L2		Gn. 9: 20-23	x	AELF			
6GF5L3		Gn. 9: 24-29	x	AELF			
6GF6L1	De libro Génesis	Gn. 10: 1-6	x	AELF			
6GF6L2		Gn. 11: 1-4	x	AELF			
6GF6L3		Gn. 11: 5-8	x	AELF			
6GF7L1	De libro Génesis	Gn. 11: 10-15	x	AELF			
6GF7L2		Gn. 11: 16-23	x	AELF			
6GF7L3		Gn. 11: 24-30	x	AELF			
5GF1N1L1	De libro Génesis	Gn. 12: 1-6	x	AELF			
5GF1N1L2		Gn. 12: 7-13	x	AELF			
5GF1N1L3		Gn. 12: 14-19	x	AELF			
5GF2L1	De libro Génesis	Gn. 13: 1-6	x	AELF			
5GF2L2		Gn. 13: 7-11	x	AELF			
5GF2L3		Gn. 13: 11-16	x	AELF			
5GF3L1	De libro Génesis	Gn. 14: 8-12	x	AELF			
5GF3L2		Gn. 14: 13-16	x	AELF			
5GF3L3		Gn. 14: 17-20	x	AELF			
Q1F1N1L1	De Epístola secúnda beáti Pauli Apóstoli ad Corínthios	2 Co. 6: 1-10	x	AELF			
Q1F1N1L2		2 Co. 6: 11-16	x	AELF			
Q1F1N1L3		2 Co. 7: 4-9	x	AELF			
Q2F1N1L1	De libro Génesis	Gn. 27: 1-10	x	AELF			
Q2F1N1L2		Gn. 27: 11-20	x	AELF			
Q2F1N1L3		Gn. 27: 21-29	x	AELF			
Q3F1N1L1	De libro Génesis	Gn. 37: 2-10	x	AELF			
Q3F1N1L2		Gn. 37: 11-20	x	AELF			
Q3F1N1L3		Gn. 37: 21-28	x	AELF			
Q4F1N1L1	De libro Éxodi	Ex. 3: 1-6	x	AELF			
Q4F1N1L2		Ex. 3: 7-10	x	AELF			
Q4F1N1L3		Ex. 3: 11-15	x	AELF			
Q5F1N1L1	Incipit liber Jeremíæ Prophétæ	Jr. 1: 1-6	x	AELF			
Q5F1N1L2		Jr. 1: 7-13	x	AELF			
Q5F1N1L3		Jr. 1: 14-19	x	AELF			
Q6F1N1L1	De Jeremía Prophéta	Jr. 2: 12-17	x	AELF			
Q6F1N1L2		Jr. 2: 18-22	x	AELF			
Q6F1N1L3		Jr. 2: 29-32	x	AELF			
Q6F3L1	De Jeremía Prophéta	Jr. 11: 15-20	x	AELF			
Q6F3L2		Jr. 12: 1-4	x	AELF			
Q6F3L3		Jr. 12: 7-11	x	AELF			
Q6F4L1	De Jeremía Prophéta	Jr. 17: 13-18	x	AELF			
Q6F4L2		Jr. 18: 13-18	x	AELF			
Q6F4L3		Jr. 18: 19-23	x	AELF			
Q6F5N1L1							
Q6F5N1L2							
Q6F5N1L3							
Q6F5N3L1	De Epístola prima beáti Pauli Apóstoli ad Corínthios	1 Co. 11: 17-22	x	AELF			
Q6F5N3L2		1 Co. 11: 23-26	x	AELF			
Q6F5N3L3		1 Co. 11: 27-34	x	AELF			
Q6F6N1L1							
Q6F6N1L2							
Q6F6N1L3							
Q6F6N3L1	De Epístola beáti Pauli Apóstoli ad Hebrǽos	He. 4: 11-15	x	AELF			
Q6F6N3L2		He. 4: 16; 5: 1-3	x	AELF			
Q6F6N3L3		He. 5: 4-10	x	AELF			
Q6F7N1L1							
Q6F7N1L2							
Q6F7N1L3							
Q6F7N3L1	De Epístola beáti Pauli Apóstoli ad Hebrǽos	He. 9: 11-14	x	AELF			
Q6F7N3L2		He. 9: 15-18	x	AELF			
Q6F7N3L3		He. 9: 19-22	x	AELF			
P1F1N1L1	De Epístola beáti Pauli Apóstoli ad Colossénses	Col. 3: 1-7	x	AELF			
P1F1N1L2		Col. 3: 8-13	x	AELF		cf. E1F1N1L1	
P1F1N1L3		Col. 3: 14-17	x	AELF		cf. E1F1N1L2	
P1F2L1	Incipit liber Actuum Apostolórum	Ac. 1: 1-8	x	AELF			
P1F2L2		Ac. 1: 9-14	x	AELF			
P1F2L3		Ac. 1: 15-26	x	AELF			
P1F3L1	De Actibus Apostolórum	Ac. 2: 1-8	x	AELF			
P1F3L2		Ac. 2: 14-21	x	AELF			
P1F3L3		Ac. 2: 22-27	x	AELF			
P1F4L1	De Actibus Apostolórum	Ac. 3: 1-6	x	AELF			
P1F4L2		Ac. 3: 7-11	x	AELF			
P1F4L3		Ac. 3: 12-16	x	AELF			
P1F5L1	De Actibus Apostolórum	Ac. 5: 1-6	x	AELF			
P1F5L2		Ac. 5: 7-11	x	AELF			
P1F5L3		Ac. 5: 12-16	x	AELF			
P1F6L1	De Actibus Apostolórum	Ac. 8: 9-13	x	AELF			
P1F6L2		Ac. 8: 14-19	x	AELF			
P1F6L3		Ac. 8: 19-24	x	AELF			
P1F7L1	De Actibus Apostolórum	Ac. 10: 1-8	x	AELF			
P1F7L2		Ac. 10: 9-17	x	AELF			
P1F7L3		Ac. 10: 34-41	x	AELF			
P2F1N1L1	De Actibus Apostolórum	Ac. 13: 13-20	x	AELF			
P2F1N1L2		Ac. 13: 21-25	x	AELF			
P2F1N1L3		Ac. 13: 26-33	x	AELF			
P2F2L1	De Actibus Apostolórum	Ac. 15: 5-12	x	AELF			
P2F2L2		Ac. 15: 13-21	x	AELF			
P2F2L3		Ac. 15: 22-29	x	AELF			
P2F3L1	De Actibus Apostolórum	Ac. 17: 22-27	x	AELF			
P2F3L2		Ac. 17: 28-33	x	AELF			
P2F3L3		Ac. 17: 34; 18: 1-4	x	AELF			
P2F4L1	De Actibus Apostolórum	Ac. 20: 17-24	x	AELF			
P2F4L2		Ac. 20: 25-31	x	AELF			
P2F4L3		Ac. 20: 32-38	x	AELF			
P2F5L1	De Actibus Apostolórum	Ac. 24: 10-16	x	AELF			
P2F5L2		Ac. 24: 17-21	x	AELF			
P2F5L3		Ac. 24: 22-27	x	AELF			
P2F6L1	De Actibus Apostolórum	Ac. 25: 1-5	x	AELF			
P2F6L2		Ac. 25: 6-8	x	AELF			
P2F6L3		Ac. 25: 9-12	x	AELF			
P2F7L1	De Actibus Apostolórum	Ac. 28: 16-20	x	AELF			
P2F7L2		Ac. 28: 21-24	x	AELF			
P2F7L3		Ac. 28: 25-31	x	AELF			
P3F1N1L1	Incipit liber Apocalýpsis beáti Joánnis Apóstoli	Ap. 1: 1-6	x	AELF			
P3F1N1L2		Ap. 1: 7-11	x	AELF			
P3F1N1L3		Ap. 1: 12-19	x	AELF			
P3F2L1	De libro Apocalýpsis beáti Joánnis Apóstoli	Ap. 2: 1-7	x	AELF			
P3F2L2		Ap. 2: 8-11	x	AELF			
P3F2L3		Ap. 2: 12-17	x	AELF			
P3F3L1	De libro Apocalýpsis beáti Joánnis Apóstoli	Ap. 4: 1-5	x	AELF			
P3F3L2		Ap. 4: 6-8	x	AELF			
P3F3L3		Ap. 4: 9-11	x	AELF			
P3F4L1	De libro Apocalýpsis beáti Joánnis Apóstoli	Ap. 5: 1-7	x	AELF			
P3F4L2		Ap. 5: 8-10	x	AELF			
P3F4L3		Ap. 5: 11-14	x	AELF			
P3F5L1	De libro Apocalýpsis beáti Joánnis Apóstoli	Ap. 15: 1-4	x	AELF			
P3F5L2		Ap. 15: 5-8	x	AELF			
P3F5L3		Ap. 16: 1-6	x	AELF			
P3F6L1	De libro Apocalýpsis beáti Joánnis Apóstoli	Ap. 19: 1-5	x	AELF			
P3F6L2		Ap. 19: 6-10	x	AELF			
P3F6L3		Ap. 19: 11-16	x	AELF			
P3F7L1	De libro Apocalýpsis beáti Joánnis Apóstoli	Ap. 22: 1-7	x	AELF			
P3F7L2		Ap. 22: 8-12	x	AELF			
P3F7L3		Ap. 22: 13-21	x	AELF			
P4F1N1L1	Incipit Epístola cathólica beáti Jacóbi Apóstoli	Jc. 1: 1-6	x	AELF			
P4F1N1L2		Jc. 1: 6-11	x	AELF			
P4F1N1L3		Jc. 1: 12-16	x	AELF			
P4F2L1	De Epístola beáti Jacóbi Apóstoli	Jc. 1: 17-20	x	AELF			
P4F2L2		Jc. 1: 21-24	x	AELF			
P4F2L3		Jc. 1: 25-27	x	AELF			
P4F3L1	De Epístola beáti Jacóbi Apóstoli	Jc. 2: 1-4	x	AELF			
P4F3L2		Jc. 2: 5-9	x	AELF			
P4F3L3		Jc. 2: 10-13	x	AELF			
P4F4L1	De Epístola beáti Jacóbi Apóstoli	Jc. 2: 14-17	x	AELF			
P4F4L2		Jc. 2: 18-22	x	AELF			
P4F4L3		Jc. 2: 23-26	x	AELF			
P4F5L1	De Epístola beáti Jacóbi Apóstoli	Jc. 3: 1-3	x	AELF			
P4F5L2		Jc. 3: 4-6	x	AELF			
P4F5L3		Jc. 3: 6-10	x	AELF			
P4F6L1	De Epístola beáti Jacóbi Apóstoli	Jc. 4: 1-4	x	AELF			
P4F6L2		Jc. 4: 5-10	x	AELF			
P4F6L3		Jc. 4: 11-15	x	AELF			
P4F7L1	De Epístola beáti Jacóbi Apóstoli	Jc. 5: 1-6	x	AELF			
P4F7L2		Jc. 5: 7-11	x	AELF			
P4F7L3		Jc. 5: 12-16	x	AELF			
P5F1N1L1	Incipit Epístola prima beáti Petri Apóstoli	1 P. 1: 1-5	x	AELF			
P5F1N1L2		1 P. 1: 6-12	x	AELF			
P5F1N1L3		1 P. 1: 13-21	x	AELF			
P5F3L1	De Epístola prima beáti Petri Apóstoli	1 P. 4: 1-7	x	AELF			
P5F3L2		1 P. 4: 7-11	x	AELF			
P5F3L3		1 P. 4: 12-17	x	AELF			
P5F5N1L1	Incipit liber Actuum Apostolórum	Ac. 1: 1-5	x	AELF			
P5F5N1L2		Ac. 1: 6-9	x	AELF			
P5F5N1L3		Ac. 1: 10-14	x	AELF			
P5F6N1L1	Incipit Epístola secúnda beáti Petri Apóstoli	2 P. 1: 1-4	x	AELF			
P5F6N1L2		2 P. 1: 5-9	x	AELF			
P5F6N1L3		2 P. 1: 10-15	x	AELF			
P5F7N1L1	De Epístola secúnda beáti Petri Apóstoli	2 P. 3: 1-7	x	AELF			
P5F7N1L2		2 P. 3: 8-13	x	AELF			
P5F7N1L3		2 P. 3: 14-18	x	AELF			
P6F1N1L1	Incipit Epístola prima beáti Joánnis Apóstoli	1 Jn. 1: 1-5	x	AELF			
P6F1N1L2		1 Jn. 1: 6-10	x	AELF			
P6F1N1L3		1 Jn. 2: 1-6	x	AELF			
P6F2N1L1	De Epístola prima beáti Joánnis Apóstoli	1 Jn. 3: 1-6	x	AELF			
P6F2N1L2		1 Jn. 3: 7-12	x	AELF			
P6F2N1L3		1 Jn. 3: 13-18	x	AELF			
P6F3N1L1	De Epístola prima beáti Joánnis Apóstoli	1 Jn. 4: 1-6	x	AELF			
P6F3N1L2		1 Jn. 4: 7-14	x	AELF			
P6F3N1L3		1 Jn. 4: 15-21	x	AELF			
P6F4N1L1	Incipit Epístola secúnda beáti Joánnis Apóstoli	2 Jn. 1: 1-5	x	AELF			
P6F4N1L2		2 Jn. 1: 6-9	x	AELF			
P6F4N1L3		2 Jn. 1: 10-13	x	AELF			
P6F5N1L1	De Epístola beáti Pauli Apóstoli ad Ephésios	Ep. 4: 1-8	x	AELF			
P6F5N1L2		Ep. 4: 9-14	x	AELF			
P6F5N1L3		Ep. 4: 15-21	x	AELF			
P6F6N1L1	Incipit Epístola tértia beáti Joánnis Apóstoli	3 Jn. 1: 1-4	x	AELF			
P6F6N1L2		3 Jn. 1: 5-10	x	AELF			
P6F6N1L3		3 Jn. 1: 11-15	x	AELF			
P6F7N1L1	Incipit Epístola cathólica beáti Judæ Apóstoli	Jd. 1: 1-4	x	AELF			
P6F7N1L2		Jd. 1: 5-8	x	AELF			
P6F7N1L3		Jd. 1: 9-13	x	AELF			
H1F1N1L1	De Isaía Prophéta	Is. 6: 1-4					
H1F1N1L2		Is. 6: 5-8					
H1F1N1L3		Is. 6: 9-12					
H1F2L1	Incipit liber primus Regum	1 S. 1: 1-3					
H1F2L2		1 S. 1: 4-8					
H1F2L3		1 S. 1: 9-11					
H1F3L1	De libro primo Regum	1 S. 1: 12-18					
H1F3L2		1 S. 1: 18-22					
H1F3L3		1 S. 1: 23-28					
H1F4L1	De libro primo Regum	1 S. 2: 12-14					
H1F4L2		1 S. 2: 15-17					
H1F4L3		1 S. 2: 18-21					
H1F5N1L1	De Epístola prima beáti Pauli Apóstoli ad Corínthios	1 Co. 11: 20-22					
H1F5N1L2		1 Co. 11: 23-26				cf. Q6F5N3L2 (mais non car lecture notée ?)	
H1F5N1L3		1 Co. 11: 27-32					
H1F6N1L1	De libro primo Regum	1 S. 2: 27-29					
H1F6N1L2		1 S. 2: 30-33					
H1F6N1L3		1 S. 2: 34-36					
H1F7N1L1	De libro primo Regum	1 S. 3: 1-7					
H1F7N1L2		1 S. 3: 8-12					
H1F7N1L3		1 S. 3: 15-20					
H2F1N1L1	De libro primo Regum	1 S. 4: 1-3					
H2F1N1L2		1 S. 4: 4-6					
H2F1N1L3		1 S. 4: 7-11					
H2F2N1L1	De libro primo Regum	1 S. 5: 1-5					
H2F2N1L2		1 S. 5: 6-8					
H2F2N1L3		1 S. 5: 8-12					
H2F3N1L1	De libro primo Regum	1 S. 6: 1-3					
H2F3N1L2		1 S. 6: 6-10					
H2F3N1L3		1 S. 6: 12-15					
H2F4N1L1	De libro primo Regum	1 S. 6: 19-21; 7: 1					
H2F4N1L2		1 S. 7: 2-4					
H2F4N1L3		1 S. 7: 5-8					
H2F5N1L1	De libro primo Regum	1 S. 8: 4-6					
H2F5N1L2		1 S. 8: 7-9					
H2F5N1L3		1 S. 8: 10-14					
H2F6N1L1	De Jerémia Prophéta	Jr. 24: 5-7					
H2F6N1L2		Jr. 30: 18-19, 21-24					
H2F6N1L3		Jr. 31:1-3, 31-33					
H2F6bL1	De libro primo Regum	1 S. 8: 4-6					
H2F6bL2		1 S. 8: 7-9					
H2F6bL3		1 S. 8: 10-14					
H2F7N1L1	De libro primo Regum	1 S. 9: 1-4					
H2F7N1L2		1 S. 9: 5-8					
H2F7N1L3		1 S. 9: 14-17					
H3F1N1L1	De libro primo Regum	1 S. 9: 18-21					
H3F1N1L2		1 S. 9: 22-25					
H3F1N1L3		1 S. 9: 26-27; 10: 1					
H3F2N1L1	De libro primo Regum	1 S. 10: 17-19					
H3F2N1L2		1 S. 10: 20-24					
H3F2N1L3		1 S. 10: 25-27					
H3F3N1L1	De libro primo Regum	1 S. 12: 1-5					
H3F3N1L2		1 S. 12: 6-9					
H3F3N1L3		1 S. 12: 10-14					
H3F4N1L1	De libro primo Regum	1 S. 13: 1-4					
H3F4N1L2		1 S. 13: 5-8					
H3F4N1L3		1 S. 13: 9-14					
H3F5N1L1	De libro primo Regum	1 S. 14: 6-11					
H3F5N1L2		1 S. 14: 12-15					
H3F5N1L3		1 S. 14: 16-20					
H3F6N1L1	De libro primo Regum	1 S. 15: 1-3					
H3F6N1L2		1 S. 15: 4-8					
H3F6N1L3		1 S. 15: 9-11					
H3F7L1	De libro primo Regum	1 S. 16: 1-3					
H3F7L2		1 S. 16: 4-7					
H3F7L3		1 S. 16: 8-11					
H4F1N1L1	De libro primo Regum	1 S. 17: 1-7					
H4F1N1L2		1 S. 17: 8-11					
H4F1N1L3		1 S. 17: 12-16					
H4F2L1	De libro primo Regum	1 S. 17: 25-26					
H4F2L2		1 S. 17: 31-33					
H4F2L3		1 S. 17: 34-36					
H4F3L1	De libro primo Regum	1 S. 17: 38-40					
H4F3L2		1 S. 17: 41-46					
H4F3L3		1 S. 17: 48-51					
H4F4L1	De libro primo Regum	1 S. 17: 57-58; 18: 1-5				attention, centonisation	
H4F4L2		1 S. 18: 6-11					
H4F4L3		1 S. 18: 12-17					
H4F5L1	De libro primo Regum	1 S. 19: 1-3					
H4F5L2		1 S. 19: 4-6					
H4F5L3		1 S. 19: 8-10					
H4F6L1	De libro primo Regum	1 S. 20: 1-2					
H4F6L2		1 S. 20: 3-4					
H4F6L3		1 S. 20: 5-7					
H4F7L1	De libro primo Regum	1 S. 21: 1-3					
H4F7L2		1 S. 21: 4-6					
H4F7L3		1 S. 21: 7-9					
H5F1N1L1	Incipit liber secúndus Regum	2 S. 1: 1-4					
H5F1N1L2		2 S. 1: 5-10					
H5F1N1L3		2 S. 1: 11-15					
H5F2L1	De libro secúndo Regum	2 S. 2: 1-4					
H5F2L2		2 S. 2: 4-7					
H5F2L3		2 S. 2: 8-11					
H5F3L1	De libro secúndo Regum	2 S. 3: 6-10					
H5F3L2		2 S. 3: 12-16					
H5F3L3		2 S. 3: 17-21					
H5F4L1	De libro secúndo Regum	2 S. 4: 5-8					
H5F4L2		2 S. 4: 9-12					
H5F4L3		2 S. 5: 1-7					
H5F5L1	De libro secúndo Regum	2 S. 6: 1-3					
H5F5L2		2 S. 6: 4-7					
H5F5L3		2 S. 6: 8-12					
H5F6L1	De libro secúndo Regum	2 S. 7: 4-6					
H5F6L2		2 S. 7: 7-11					
H5F6L3		2 S. 7: 12-17					
H5F7L1	De libro secúndo Regum	2 S. 11: 1-4					
H5F7L2		2 S. 11: 5-11					
H5F7L3		2 S. 11: 12-17					
H6F1N1L1	De libro secúndo Regum	2 S. 12: 1-4					
H6F1N1L2		2 S. 12: 5-9					
H6F1N1L3		2 S. 12: 10-16					
H6F2L1	De libro secúndo Regum	2 S. 13: 22-25					
H6F2L2		2 S. 13: 26-29					
H6F2L3		2 S. 13: 30-34					
H6F3L1	De libro secúndo Regum	2 S. 14: 4-7					
H6F3L2		2 S. 14: 10-14					
H6F3L3		2 S. 14: 19-21					
H6F4L1	De libro secúndo Regum	2 S. 15: 1-3					
H6F4L2		2 S. 15: 3-6					
H6F4L3		2 S. 15: 7-10					
H6F5L1	De libro secúndo Regum	2 S. 15: 13-15					
H6F5L2		2 S. 15: 16-18					
H6F5L3		2 S. 15: 19-20					
H6F6L1	De libro secúndo Regum	2 S. 16: 5-8					
H6F6L2		2 S. 16: 9-10					
H6F6L3		2 S. 16: 11-12					
H6F7L1	De libro secúndo Regum	2 S. 18: 6-8					
H6F7L2		2 S. 18: 9-12					
H6F7L3		2 S. 18: 14-17					
H7F1N1L1	Incipit liber tértius Regum	1 R. 1: 1-4					
H7F1N1L2		1 R. 1: 5-8					
H7F1N1L3		1 R. 1: 11-15					
H7F2L1	De libro tértio Regum	1 R. 1: 28-31					
H7F2L2		1 R. 1: 32-35					
H7F2L3		1 R. 1: 38-40					
H7F3L1	De libro tértio Regum	1 R. 2: 1-4					
H7F3L2		1 R. 2: 5-6					
H7F3L3		1 R. 2: 7-9					
H7F4L1	De libro tértio Regum	1 R. 3: 5-6					
H7F4L2		1 R. 3: 7-9					
H7F4L3		1 R. 3: 10-13					
H7F5L1	De libro tértio Regum	1 R. 4: 21-24					
H7F5L2		1 R. 4: 25-29					
H7F5L3		1 R. 4: 30-34					
H7F6L1	De libro tértio Regum	1 R. 5: 1-4					
H7F6L2		1 R. 5: 5-6					
H7F6L3		1 R. 5: 7-9					
H7F7L1	De libro tértio Regum	1 R. 7: 51; 8: 1-2					
H7F7L2		1 R. 8: 3-7					
H7F7L3		1 R. 8: 9-12					
H8F1N1L1	De libro tértio Regum	1 R. 9: 1-5					
H8F1N1L2		1 R. 9: 6-9					
H8F1N1L3		1 R. 9: 10-14					
H8F2L1	De libro tértio Regum	1 R. 10: 1-3					
H8F2L2		1 R. 10: 4-7					
H8F2L3		1 R. 10: 8-11					
H8F3L1	De libro tértio Regum	1 R. 11: 1-4					
H8F3L2		1 R. 11: 5-8					
H8F3L3		1 R. 11: 9-12					
H8F4L1	De libro tértio Regum	1 R. 11: 26-28					
H8F4L2		1 R. 11: 29-31					
H8F4L3		1 R. 11: 40-43					
H8F5L1	De libro tértio Regum	1 R. 12: 1-5					
H8F5L2		1 R. 12: 5-8					
H8F5L3		1 R. 12: 13-16					
H8F6L1	De libro tértio Regum	1 R. 14: 5-6					
H8F6L2		1 R. 14: 7-9					
H8F6L3		1 R. 14: 10-12					
H8F7L1	De libro tértio Regum	1 R. 18: 21-22					
H8F7L2		1 R. 18: 23-24					
H8F7L3		1 R. 18: 25-27					
H9F1N1L1	Incipit liber quartus Regum	2 R. 1: 1-4					
H9F1N1L2		2 R. 1: 4-6					
H9F1N1L3		2 R. 1: 7-10					
H9F2L1	De libro quarto Regum	2 R. 2: 5-7					
H9F2L2		2 R. 2: 8-10					
H9F2L3		2 R. 2: 11-13					
H9F3L1	De libro quarto Regum	2 R. 3: 6-9					
H9F3L2		2 R. 3: 10-13					
H9F3L3		2 R. 3: 13-18					
H9F4L1	De libro quarto Regum	2 R. 4: 1-4					
H9F4L2		2 R. 4: 5-10					
H9F4L3		2 R. 4: 11-17					
H9F5L1	De libro quarto Regum	2 R. 6: 24-27					
H9F5L2		2 R. 6: 27-32					
H9F5L3		2 R. 6: 32-33; 7: 1					
H9F6L1	De libro quarto Regum	2 R. 8: 1-3					
H9F6L2		2 R. 8: 4-6					
H9F6L3		2 R. 8: 7-10					
H9F7L1	De libro quarto Regum	2 R. 9: 1-5					
H9F7L2		2 R. 9: 6-10					
H9F7L3		2 R. 9: 11-13					
H10F1N1L1	De libro quarto Regum	2 R. 9: 29-34					
H10F1N1L2		2 R. 9: 35-37; 10: 1-3					
H10F1N1L3		2 R. 10: 4-7					
H10F2L1	De libro quarto Regum	2 R. 11: 1-3					
H10F2L2		2 R. 11: 4-7					
H10F2L3		2 R. 11: 9-12					
H10F3L1	De libro quarto Regum	2 R. 12: 1-3					
H10F3L2		2 R. 12: 4-5					
H10F3L3		2 R. 12: 6-8					
H10F4L1	De libro quarto Regum	2 R. 13: 14-17					
H10F4L2		2 R. 13: 18-20					
H10F4L3		2 R. 13: 21; 13: 24-25					
H10F5L1	De libro quarto Regum	2 R. 17: 6-9					
H10F5L2		2 R. 17: 13-15					
H10F5L3		2 R. 17: 18-21					
H10F6L1	De libro quarto Regum	2 R. 17: 21-23					
H10F6L2		2 R. 17: 24-25					
H10F6L3		2 R. 17: 26-27					
H10F7L1	De libro quarto Regum	2 R. 18: 1-5					
H10F7L2		2 R. 18: 5-8					
H10F7L3		2 R. 18: 9-12					
H11F1N1L1	De libro quarto Regum	2 R. 20: 1-3					
H11F1N1L2		2 R. 20: 4-7					
H11F1N1L3		2 R. 20: 8-11					
H11F2L1	De libro quarto Regum	2 R. 22: 1-5					
H11F2L2		2 R. 22: 8-10					
H11F2L3		2 R. 22: 10-13					
H11F3L1	De libro quarto Regum	2 R. 23: 2-3					
H11F3L2		2 R. 23: 4-5					
H11F3L3		2 R. 23: 6-8					
H11F4L1	De libro quarto Regum	2 R. 23: 24-26					
H11F4L2		2 R. 23: 27-30					
H11F4L3		2 R. 23: 30-34					
H11F5L1	De libro quarto Regum	2 R. 23: 36-37; 24: 1					
H11F5L2		2 R. 24: 2-4					
H11F5L3		2 R. 24: 5-7					
H11F6L1	De libro quarto Regum	2 R. 24: 8-11					
H11F6L2		2 R. 24: 12-14					
H11F6L3		2 R. 24: 15-17					
H11F7L1	De libro quarto Regum	2 R. 24: 18-20; 25: 1-3					
H11F7L2		2 R. 25: 4-7					
H11F7L3		2 R. 25: 8-13					
08H1F1N1L1	Incípiunt Parábolæ Salomónis	Pr. 1: 1-6					
08H1F1N1L2		Pr. 1: 7-14					
08H1F1N1L3		Pr. 1: 15-19					
08H1F2L1	De Parábolis Salomónis	Pr. 3: 1-6					
08H1F2L2		Pr. 3: 7-10					
08H1F2L3		Pr. 3: 11-15					
08H1F3L1	De Parábolis Salomónis	Pr. 5: 1-6					
08H1F3L2		Pr. 5: 7-13					
08H1F3L3		Pr. 5: 20-23					
08H1F4L1	De Parábolis Salomónis	Pr. 8: 1-6					
08H1F4L2		Pr. 8: 7-11					
08H1F4L3		Pr. 8: 12-17					
08H1F5L1	De Parábolis Salomónis	Pr. 10: 1-5					
08H1F5L2		Pr. 10: 6-10					
08H1F5L3		Pr. 10: 11-16					
08H1F6L1	De Parábolis Salomónis	Pr. 14: 1-5					
08H1F6L2		Pr. 14: 6-11					
08H1F6L3		Pr. 14: 12-16					
08H1F7L1	De Parábolis Salomónis	Pr. 16: 1-5					
08H1F7L2		Pr. 16: 5-9					
08H1F7L3		Pr. 16: 10-15					
08H2F1N1L1	Incipit liber Ecclesiástes	Qo. 1: 1-7					
08H2F1N1L2		Qo. 1: 8-11					
08H2F1N1L3		Qo. 1: 12-17					
08H2F2L1	De libro Ecclesiástæ	Qo. 2: 1-4					
08H2F2L2		Qo. 2: 7-9					
08H2F2L3		Qo. 2: 10-11					
08H2F3L1	De libro Ecclesiástæ	Qo. 3: 1-8					
08H2F3L2		Qo. 3: 9-13					
08H2F3L3		Qo. 3: 14-17					
08H2F4L1	De libro Ecclesiástæ	Qo. 4: 1-4					
08H2F4L2		Qo. 4: 5-8					
08H2F4L3		Qo. 4: 9-13					
08H2F5L1	De libro Ecclesiástæ	Qo. 5: 1-4					
08H2F5L2		Qo. 5: 5-8					
08H2F5L3		Qo. 5: 9-13					
08H2F6L1	De libro Ecclesiástæ	Qo. 6: 1-2					
08H2F6L2		Qo. 6: 3-6					
08H2F6L3		Qo. 6: 6-9					
08H2F7L1	De libro Ecclesiástæ	Qo. 7: 1-3					
08H2F7L2		Qo. 7: 4-9					
08H2F7L3		Qo. 7: 11-14					
08H3F1N1L1	Incipit liber Sapiéntiæ	Sg. 1: 1-4					
08H3F1N1L2		Sg. 1: 5-8					
08H3F1N1L3		Sg. 1: 9-11					
08H3F2L1	De libro Sapiéntiæ	Sg. 3: 1-6					
08H3F2L2		Sg. 3: 7-11					
08H3F2L3		Sg. 5: 16-21					
08H3F3L1	De libro Sapiéntiæ	Sg. 6: 1-5					
08H3F3L2		Sg. 6: 6-9					
08H3F3L3		Sg. 6: 10-13					
08H3F4L1	De libro Sapiéntiæ	Sg. 7: 1-6					
08H3F4L2		Sg. 7: 7-10					
08H3F4L3		Sg. 7: 11-14					
08H3F5L1	De libro Sapiéntiæ	Sg. 9: 13-19					
08H3F5L2		Sg. 10: 1-5					
08H3F5L3		Sg. 10: 6-9					
08H3F6L1	De libro Sapiéntiæ	Sg. 13: 1-3					
08H3F6L2		Sg. 13: 4-7					
08H3F6L3		Sg. 13: 8-10					
08H3F7L1	De libro Sapiéntiæ	Sg. 15: 1-3					
08H3F7L2		Sg. 15: 4-6					
08H3F7L3		Sg. 15: 7-8					
08H4F1N1L1	Incipit liber Ecclesiástici	Si. 1: 1-5					
08H4F1N1L2		Si. 1: 6-10					
08H4F1N1L3		Si. 1: 11-14					
08H4F2L1	De libro Ecclesiástici	Si. 1: 22-26					
08H4F2L2		Si. 1: 27-33					
08H4F2L3		Si. 1: 34-40					
08H4F3L1	De libro Ecclesiástici	Si. 2: 1-3					
08H4F3L2		Si. 2: 4-6					
08H4F3L3		Si. 2: 7-12					
08H4F4L1	De libro Ecclesiástici	Si. 3: 1-4					
08H4F4L2		Si. 3: 5-7					
08H4F4L3		Si. 3: 8-11					
08H4F5L1	De libro Ecclesiástici	Si. 3: 21-25					
08H4F5L2		Si. 3: 26-28					
08H4F5L3		Si. 3: 29-31					
08H4F6L1	De libro Ecclesiástici	Si. 4: 1-4					
08H4F6L2		Si. 4: 5-7					
08H4F6L3		Si. 4: 8-10					
08H4F7L1	De libro Ecclesiástici	Si. 4: 20-23					
08H4F7L2		Si. 4: 24-27					
08H4F7L3		Si. 4: 28-31					
08H5F1N1L1	De libro Ecclesiástici	Si. 5: 1-5					
08H5F1N1L2		Si. 5: 6-9					
08H5F1N1L3		Si. 5: 10-14					
08H5F2L1	De libro Ecclesiástici	Si. 7: 1-5					
08H5F2L2		Si. 7: 6-9					
08H5F2L3		Si. 7: 10-14					
08H5F3L1	De libro Ecclesiástici	Si. 10: 1-5					
08H5F3L2		Si. 10: 6-9					
08H5F3L3		Si. 10: 10-13					
08H5F4L1	De libro Ecclesiástici	Si. 13: 1-5					
08H5F4L2		Si. 13: 8-12					
08H5F4L3		Si. 13: 13-18					
08H5F5L1	De libro Ecclesiástici	Si. 14: 1-5					
08H5F5L2		Si. 14: 6-10					
08H5F5L3		Si. 14: 11-16					
08H5F6L1	De libro Ecclesiástici	Si. 21: 1-4					
08H5F6L2		Si. 21: 5-9					
08H5F6L3		Si. 21: 10-13					
08H5F7L1	De libro Ecclesiástici	Si. 32: 1-3					
08H5F7L2		Si. 32: 4-7					
08H5F7L3		Si. 32: 8-13					
09H1F1N1L1	Incipit liber Job	Jb. 1: 1-3					
09H1F1N1L2		Jb. 1: 4-5					
09H1F1N1L3		Jb. 1: 6-11					
09H1F2L1	De libro Job	Jb. 1: 13-16					
09H1F2L2		Jb. 1: 17-19					
09H1F2L3		Jb. 1: 20-22					
09H1F3L1	De libro Job	Jb. 2: 1-5					
09H1F3L2		Jb. 2: 6-10					
09H1F3L3		Jb. 2: 11-13					
09H1F4L1	De libro Job	Jb. 3: 1-5					
09H1F4L2		Jb. 3: 6-10					
09H1F4L3		Jb. 3: 11-16					
09H1F5L1	De libro Job	Jb. 4: 1-6					
09H1F5L2		Jb. 4: 7-11					
09H1F5L3		Jb. 4: 12-18					
09H1F6L1	De libro Job	Jb. 6: 1-4					
09H1F6L2		Jb. 6: 5-7					
09H1F6L3		Jb. 6: 8-13					
09H1F7L1	De libro Job	Jb. 7: 1-4					
09H1F7L2		Jb. 7: 5-8					
09H1F7L3		Jb. 7: 9-12					
09H2F1N1L1	De libro Job	Jb. 9: 1-5					
09H2F1N1L2		Jb. 9: 6-10					
09H2F1N1L3		Jb. 9: 11-17					
09H2F2L1	De libro Job	Jb. 27: 1-5					
09H2F2L2		Jb. 27: 6-10					
09H2F2L3		Jb. 27: 11-15					
09H2F3L1	De libro Job	Jb. 28: 12-16					
09H2F3L2		Jb. 28: 17-22					
09H2F3L3		Jb. 28: 23-28					
09H2F4L1	De libro Job	Jb. 31: 1-6					
09H2F4L2		Jb. 31: 7-12					
09H2F4L3		Jb. 31: 13-18					
09H2F5L1	De libro Job	Jb. 38: 1-7					
09H2F5L2		Jb. 38: 8-13					
09H2F5L3		Jb. 38: 14-20					
09H2F6L1	De libro Job	Jb. 40: 1-5					
09H2F6L2		Jb. 40: 6-11					
09H2F6L3		Jb. 42: 1-6					
09H2F7L1	De libro Job	Jb. 42: 7-8					
09H2F7L2		Jb. 42: 9-11					
09H2F7L3		Jb. 42: 12-16					
09H3F1N1L1	Incipit liber Tobíæ	Tb. 1: 1-4					
09H3F1N1L2		Tb. 1: 5-9					
09H3F1N1L3		Tb. 1: 10-14					
09H3F2L1	De libro Tobíæ	Tb. 2: 1-4					
09H3F2L2		Tb. 2: 8-10					
09H3F2L3		Tb. 2: 10					
09H3F3L1	De libro Tobíæ	Tb. 2: 11-13					
09H3F3L2		Tb. 2: 14; 3: 1-3					
09H3F3L3		Tb. 3: 4-6					
09H3F5L1	De libro Tobíæ	Tb. 12: 1-4					
09H3F5L2		Tb. 12: 5-10					
09H3F5L3		Tb. 12: 11-17					
09H4F1N1L1	Incipit liber Judith	Jdt. 1: 1-4					
09H4F1N1L2		Jdt. 1: 5-10					
09H4F1N1L3		Jdt. 1: 10-12; 2: 1-3					
09H4F2L1	De libro Judith	Jdt. 4: 1-4					
09H4F2L2		Jdt. 4: 5-8					
09H4F2L3		Jdt. 4: 9-12					
09H4F3L1	De libro Judith	Jdt. 8: 1-4					
09H4F3L2		Jdt. 8: 5-8					
09H4F3L3		Jdt. 8: 9-11					
09H4F4L1	De libro Judith	Jdt. 10: 1-4					
09H4F4L2		Jdt. 10: 11-12					
09H4F4L3		Jdt. 10: 16-20					
09H4F5L1	De libro Judith	Jdt. 12: 10-13					
09H4F5L2		Jdt. 13: 1-7					
09H4F5L3		Jdt. 13: 8-11					
09H4F6L1	De libro Judith	Jdt. 15: 1-3					
09H4F6L2		Jdt. 15: 5-7					
09H4F6L3		Jdt. 15: 9-12					
09H4F7L1	De libro Judith	Jdt. 16: 22-23					
09H4F7L2		Jdt. 16: 24-27					
09H4F7L3		Jdt. 16: 28-31					
09H5F1N1L1	Incipit liber Esther	Est. 1: 1-4					
09H5F1N1L2		Est. 1: 5-6					
09H5F1N1L3		Est. 1: 7-9					
09H5F2L1	De libro Esther	Est. 2: 5-7					
09H5F2L2		Est. 2: 8-11					
09H5F2L3		Est. 2: 15-17					
09H5F3L1	De libro Esther	Est. 3: 1-3					
09H5F3L2		Est. 3: 4-6					
09H5F3L3		Est. 3: 6-7					
09H5F4L1	De libro Esther	Est. 4: 1-5					
09H5F4L2		Est. 4: 6-11					
09H5F4L3		Est. 4: 12-17					
09H5F5L1	De libro Esther	Est. 5: 1-5					
09H5F5L2		Est. 5: 9-13					
09H5F5L3		Est. 5: 14					
09H5F6L1	De libro Esther	Est. 6: 1-5					
09H5F6L2		Est. 6: 6-9					
09H5F6L3		Est. 6: 10-13					
09H5F7L1	De libro Esther	Est. 7: 1-4					
09H5F7L2		Est. 7: 5-7					
09H5F7L3		Est. 7: 8-10					
10H1F1N1L1	Incipit liber primus Machabæórum	1 M. 1: 1-7					
10H1F1N1L2		1 M. 1: 8-11					
10H1F1N1L3		1 M. 1: 12-16					
10H1F2L1	De libro primo Machabæórum	1 M. 1: 17-20					
10H1F2L2		1 M. 1: 21-23					
10H1F2L3		1 M. 1: 24-29					
10H1F3L1	De libro primo Machabæórum	1 M. 2: 1-6					
10H1F3L2		1 M. 2: 7-10					
10H1F3L3		1 M. 2: 14-16					
10H1F4L1	De libro primo Machabæórum	1 M. 2: 19-22					
10H1F4L2		1 M. 2: 23-26					
10H1F4L3		1 M. 2: 27-30					
10H1F5L1	De libro primo Machabæórum	1 M. 2: 49-54					
10H1F5L2		1 M. 2: 55-63					
10H1F5L3		1 M. 2: 64-69					
10H1F6L1	De libro primo Machabæórum	1 M. 2: 70; 3: 1-3; 3: 5-6					
10H1F6L2		1 M. 3: 7-12					
10H1F6L3		1 M. 3: 25-28					
10H1F7L1	De libro primo Machabæórum	1 M. 3: 42-45					
10H1F7L2		1 M. 3: 46-53					
10H1F7L3		1 M. 3: 54-60					
10H2F1N1L1	De libro primo Machabæórum	1 M. 4: 36-40					
10H2F1N1L2		1 M. 4: 41-46					
10H2F1N1L3		1 M. 4: 47-51					
10H2F2L1	De libro primo Machabæórum	1 M. 4: 52-55					
10H2F2L2		1 M. 4: 56-59					
10H2F2L3		1 M. 4: 60-61					
10H2F3L1	De libro primo Machabæórum	1 M. 5: 1-5					
10H2F3L2		1 M. 5: 6-9					
10H2F3L3		1 M. 5: 10-13					
10H2F4L1	De libro primo Machabæórum	1 M. 5: 55-58					
10H2F4L2		1 M. 5: 59-62					
10H2F4L3		1 M. 5: 63-67					
10H2F5L1	De libro primo Machabæórum	1 M. 6: 1-6					
10H2F5L2		1 M. 6: 6-9					
10H2F5L3		1 M. 6: 10-13					
10H2F6L1	De libro primo Machabæórum	1 M. 7: 1; 7: 4-7					
10H2F6L2		1 M. 7: 8-11					
10H2F6L3		1 M. 7: 12-17					
10H2F7L1	De libro primo Machabæórum	1 M. 8: 1-4					
10H2F7L2		1 M. 8: 17-22					
10H2F7L3		1 M. 8: 23-27					
10H3F1N1L1	De libro primo Machabæórum	1 M. 9: 1-6					
10H3F1N1L2		1 M. 9: 7-11					
10H3F1N1L3		1 M. 9: 12-20					
10H3F2L1	De libro primo Machabæórum	1 M. 9: 28-32					
10H3F2L2		1 M. 9: 33-36					
10H3F2L3		1 M. 9: 37-40					
10H3F3L1	De libro primo Machabæórum	1 M. 12: 1-4					
10H3F3L2		1 M. 12: 5-8					
10H3F3L3		1 M. 12: 9-11					
10H3F4L1	De libro primo Machabæórum	1 M. 12: 39-43					
10H3F4L2		1 M. 12: 44-47					
10H3F4L3		1 M. 12: 48-52					
10H3F5L1	De libro primo Machabæórum	1 M. 13: 1-6					
10H3F5L2		1 M. 13: 7-13					
10H3F5L3		1 M. 13: 14-19					
10H3F6L1	De libro primo Machabæórum	1 M. 14: 16-19					
10H3F6L2		1 M. 14: 20-23					
10H3F6L3		1 M. 14: 24-26					
10H3F7L1	De libro primo Machabæórum	1 M. 16: 14-17					
10H3F7L2		1 M. 16: 18-21					
10H3F7L3		1 M. 16: 22-24					
10H4F1N1L1	Incipit liber secúndus Machabæórum	2 M. 1: 1-6					
10H4F1N1L2		2 M. 1: 18-19					
10H4F1N1L3		2 M. 1: 20-22					
10H4F2L1	De libro secúndo Machabæórum	2 M. 2: 1-3					
10H4F2L2		2 M. 2: 4-6					
10H4F2L3		2 M. 2: 7-9					
10H4F3L1	De libro secúndo Machabæórum	2 M. 3: 1-4					
10H4F3L2		2 M. 3: 5-8					
10H4F3L3		2 M. 3: 9-12					
10H4F4L1	De libro secúndo Machabæórum	2 M. 3: 23-25					
10H4F4L2		2 M. 3: 26-29					
10H4F4L3		2 M. 3: 32-34					
10H4F5L1	De libro secúndo Machabæórum	2 M. 4: 1-5					
10H4F5L2		2 M. 4: 6-9					
10H4F5L3		2 M. 4: 10-11					
10H4F6L1	De libro secúndo Machabæórum	2 M. 5: 1-4					
10H4F6L2		2 M. 5: 5-7					
10H4F6L3		2 M. 5: 8-10					
10H4F7L1	De libro secúndo Machabæórum	2 M. 6: 1-4					
10H4F7L2		2 M. 6: 5-9					
10H4F7L3		2 M. 6: 10-12					
10H5F1N1L1	De libro secúndo Machabæórum	2 M. 6: 18-22					
10H5F1N1L2		2 M. 6: 23-28					
10H5F1N1L3		2 M. 7: 1-5					
10H5F2L1	De libro secúndo Machabæórum	2 M. 7: 7-12					
10H5F2L2		2 M. 7: 13-19					
10H5F2L3		2 M. 7: 20-23					
10H5F3L1	De libro secúndo Machabæórum	2 M. 7: 24-27					
10H5F3L2		2 M. 7: 28-33					
10H5F3L3		2 M. 7: 34-41					
10H5F4L1	De libro secúndo Machabæórum	2 M. 8: 10-14					
10H5F4L2		2 M. 8: 16-19					
10H5F4L3		2 M. 8: 21-28					
10H5F5L1	De libro secúndo Machabæórum	2 M. 9: 1-4					
10H5F5L2		2 M. 9: 5-7					
10H5F5L3		2 M. 9: 8-10					
10H5F6L1	De libro secúndo Machabæórum	2 M. 10: 1-5					
10H5F6L2		2 M. 10: 24-27					
10H5F6L3		2 M. 10: 28-32					
10H5F7L1	De libro secúndo Machabæórum	2 M. 15: 7-11					
10H5F7L2		2 M. 15: 12-16					
10H5F7L3		2 M. 15: 17-19					
11H1F1N1L1	Incipit liber Ezechiélis Prophétæ	Ez. 1: 1-4			COEVN1L1		
11H1F1N1L2		Ez. 1: 5-9			COEVN1L2		
11H1F1N1L3		Ez. 1: 10-12			COEVN1L3		
11H1F2L1	De Ezechiéle Prophéta	Ez. 2: 2-5					
11H1F2L2		Ez. 2: 6-7					
11H1F2L3		Ez. 2: 8-9					
11H1F3L1	De Ezechiéle Prophéta	Ez. 3: 1-4					
11H1F3L2		Ez. 3: 5-9					
11H1F3L3		Ez. 3: 10-13					
11H1F4L1	De Ezechiéle Prophéta	Ez. 7: 1-4					
11H1F4L2		Ez. 7: 5-9					
11H1F4L3		Ez. 7: 10-13					
11H1F5L1	De Ezechiéle Prophéta	Ez. 13: 1-6					
11H1F5L2		Ez. 13: 7-10					
11H1F5L3		Ez. 13: 11-14					
11H1F6L1	De Ezechiéle Prophéta	Ez. 15: 1-5					
11H1F6L2		Ez. 15: 6-8					
11H1F6L3		Ez. 16: 1-5					
11H1F7L1	De Ezechiéle Prophéta	Ez. 19: 1-7					
11H1F7L2		Ez. 19: 8-11					
11H1F7L3		Ez. 19: 12-14					
11H2F1N1L1	De Ezechiéle Prophéta	Ez. 21: 1-5					
11H2F1N1L2		Ez. 21: 6-11					
11H2F1N1L3		Ez. 21: 12-15					
11H2F2L1	De Ezechiéle Prophéta	Ez. 33: 1-5					
11H2F2L2		Ez. 33: 6-8					
11H2F2L3		Ez. 33: 9-11					
11H2F3L1	De Ezechiéle Prophéta	Ez. 34: 1-4					
11H2F3L2		Ez. 34: 5-9					
11H2F3L3		Ez. 34: 10-12					
11H2F4L1	De Ezechiéle Prophéta	Ez. 40: 1-2					
11H2F4L2		Ez. 40: 3-4					
11H2F4L3		Ez. 40: 5-6					
11H2F5L1	De Ezechiéle Prophéta	Ez. 41: 1-3					
11H2F5L2		Ez. 41: 4-6					
11H2F5L3		Ez. 41: 7-9					
11H2F6L1	De Ezechiéle Prophéta	Ez. 43: 1-5					
11H2F6L2		Ez. 43: 6-8					
11H2F6L3		Ez. 43: 9-11					
11H2F7L1	De Ezechiéle Prophéta	Ez. 47: 1-2					
11H2F7L2		Ez. 47: 3-5					
11H2F7L3		Ez. 47: 6-9					
11H3F1N1L1	Incipit liber Daniélis Prophétæ	Dn. 1: 1-4					
11H3F1N1L2		Dn. 1: 5-9					
11H3F1N1L3		Dn. 1: 10-15					
11H3F2L1	De Daniéle Prophéta	Dn. 2: 31-35					
11H3F2L2		Dn. 2: 36-40					
11H3F2L3		Dn. 2: 41-44					
11H3F3L1	De Daniéle Prophéta	Dn. 3: 14-15					
11H3F3L2		Dn. 3: 16-19					
11H3F3L3		Dn. 3: 21-24					
11H3F4L1	De Daniéle Prophéta	Dn. 4: 16-19					
11H3F4L2		Dn. 4: 20-22					
11H3F4L3		Dn. 4: 22-25					
11H3F5L1	De Daniéle Prophéta	Dn. 5: 1-6					
11H3F5L2		Dn. 5: 13-17					
11H3F5L3		Dn. 5: 25-31					
11H3F6L1	De Daniéle Prophéta	Dn. 6: 11-15					
11H3F6L2		Dn. 6: 16-20					
11H3F6L3		Dn. 6: 21-24					
11H3F7L1	De Daniéle Prophéta	Dn. 9: 1-5					
11H3F7L2		Dn. 9: 21-24					
11H3F7L3		Dn. 9: 25-27					
11H4F1N1L1	Incipit liber Osée Prophétæ	Os. 1: 1-3					
11H4F1N1L2		Os. 1: 4-7					
11H4F1N1L3		Os. 1: 8-11					
11H4F2L1	De Osée Prophéta	Os. 4: 1-3					
11H4F2L2		Os. 4: 4-6					
11H4F2L3		Os. 4: 7-10					
11H4F3L1	Incipit Joël Prophéta	Jl. 1: 1-4					
11H4F3L2		Jl. 1: 5-7					
11H4F3L3		Jl. 1: 8-11					
11H4F4L1	De Joéle Prophéta	Jl. 3: 1-3					
11H4F4L2		Jl. 3: 4-7					
11H4F4L3		Jl. 3: 8-12					
11H4F5L1	Incipit Amos Prophéta	Am. 1: 1-2					
11H4F5L2		Am. 1: 3-5					
11H4F5L3		Am. 1: 6-8					
11H4F6L1	Incipit Abdías Prophéta	Abd. 1: 1-4					
11H4F6L2		Abd. 1: 5-7					
11H4F6L3		Abd. 1: 8-11					
11H4F7L1	Incipit Jonas Prophéta	Jon. 1: 1-4					
11H4F7L2		Jon. 1: 5-7					
11H4F7L3		Jon. 1: 8-12					
11H5F1N1L1	Incipit Michǽas Prophéta	Mi. 1: 1-3					
11H5F1N1L2		Mi. 1: 4-6					
11H5F1N1L3		Mi. 1: 7-9					
11H5F2L1	Incipit Nahum Prophéta	Na. 1: 1-4					
11H5F2L2		Na. 1: 4-6					
11H5F2L3		Na. 1: 7-10					
11H5F3L1	Incipit Hábacuc Prophéta	Ha. 1: 1-4					
11H5F3L2		Ha. 1: 5-7					
11H5F3L3		Ha. 1: 8-10					
11H5F4L1	Incipit Sophonías Prophéta	So. 1: 1-3					
11H5F4L2		So. 1: 4-6					
11H5F4L3		So. 1: 7-9					
11H5F5L1	Incipit Aggǽus Prophéta	Ag. 1: 1-2					
11H5F5L2		Ag. 1: 3-6					
11H5F5L3		Ag. 1: 7-10					
11H5F6L1	Incipit Zacharías Prophéta	Za. 1: 1-3					
11H5F6L2		Za. 1: 4-5					
11H5F6L3		Za. 1: 6					
11H5F7L1	Incipit Malachías Prophéta	Ml. 1: 1-4					
11H5F7L2		Ml. 1: 5-7					
11H5F7L3		Ml. 1: 8-11					
COAPN1L1	De Epístola prima beáti Pauli Apóstoli ad Corínthios	1 Co. 4: 1-5					
COAPN1L2		1 Co. 4: 6-9					
COAPN1L3		1 Co. 4: 10-15					
COEVN1L1	Incipit liber Ezechiélis Prophétæ	Ez. 1: 1-4			11H1F1N1L1		
COEVN1L2		Ez. 1: 5-9			11H1F1N1L2		
COEVN1L3		Ez. 1: 10-12			11H1F1N1L3		
COUMN1L1	De Áctibus Apostolórum	Ac. 20: 17-24			P2F4L1		
COUMN1L2		Ac. 20: 25-31			P2F4L2		
COUMN1L3		Ac. 20: 32-38			P2F4L3		
COPMN1L1	De Epístola beáti Pauli Apóstoli ad Romános	Rm. 8: 12-19				cf. 0106bN1L1sq	
COPMN1L2		Rm. 8: 28-34					
COPMN1L3		Rm. 8: 35-39					
COPON1L1	De Epístola prima beáti Pauli Apóstoli ad Timótheum	1 Tm. 3: 1-7			E5F2L1		
COPON1L2	De Epístola ad Titum	Tt. 1: 7-11				cf. E5F5L2	
COPON1L3		Tt. 2: 1-8					
PMCPN1L1	De libro Ecclesiástici	Si. 44: 1-5					
PMCPN1L2		Si. 44: 6-9					
PMCPN1L3		Si. 44: 10-15					
CODON1L1	De libro Ecclesiástici	Si. 39: 1-5					
CODON1L2		Si. 39: 6-10					
CODON1L3		Si. 39: 11-14					
CONPN1L1	De libro Ecclesiástici	Si. 31: 8-11					
CONPN1L2		Si. 32: 18-20, 28; 33: 1-3					
CONPN1L3		Si. 34: 14-20					
ALCNN1L1	De libro Sapiéntiæ	Sg. 4: 7-14					
ALCNN1L2		Sg. 4: 14-19					
ALCNN1L3		Sg. 4: 19-20; 5: 1-5					
MUVXN1L1	De Epístola prima beáti Pauli Apóstoli ad Corínthios	1 Co. 7: 25-31					
MUVXN1L2		1 Co. 7: 32-35					
MUVXN1L3		1 Co. 7: 36-40					
VXALN1L1	De libro Ecclesiástici	Si. 51: 1-7				cf. 0810N1L1sq. Probablement en fait un doublon	
VXALN1L2		Si. 51: 8-12					
VXALN1L3		Si. 51: 13-17					
MUNXN1L1	De Parábolis Salomónis	Pr. 31: 10-17					
MUNXN1L2		Pr. 31: 18-24					
MUNXN1L3		Pr. 31: 25-31					
CDEDN1L1	De libro secundo Paralipómenon	2 Ch. 7: 1-5					
CDEDN1L2		2 Ch. 7: 6-9					
CDEDN1L3		2 Ch. 7: 11-16					
CBMVN1L1	De Parábolis Salomónis	Pr. 8: 12-17					
CBMVN1L2		Pr. 8: 18-25					
CBMVN1L3		Pr. 8: 34-36; 9: 1-5			08H1F4L3		
OPBML1		Si. 24: 11-13				sans incipit	
OPBML2		Si. 24: 15-16					
OPBML3		Si. 24: 17-20					
OPADVL1		Lc. 1: 26-28				sans incipit	
OPADVL2		Lc. 1: 29-33					
OPADVL3		Lc. 1: 34-38					
ODEFN1L1		Jb. 7: 16-21				sans incipit	
ODEFN1L2		Jb. 10: 1-7					
ODEFN1L3		Jb. 10: 8-12					
ODEFN2L1		Jb. 13: 22-28					
ODEFN2L2		Jb. 14: 1-6					
ODEFN2L3		Jb. 14: 13-16					
ODEFN3L1		Jb. 17: 1-3, 11-15					
ODEFN3L2		Jb. 19: 20-27					
ODEFN3L3		Jb. 10: 18-22					
0118N1L1	Incipit Epístola prima beáti Petri Apóstoli	1 P. 1: 1-5			P5F1N1L1		
0118N1L2		1 P. 1: 6-9			0222N1L2		
0118N1L3		1 P. 1: 10-12			0222N1L3	Nota : Ste Agnes est au commun	
0125N1L1	De Actibus Apostolórum	Ac. 9: 1-5					
0125N1L2		Ac. 9: 6-9					
0125N1L3		Ac. 9: 10-16					
0202N1L1	De libro Éxodi	Ex. 13: 1-3; 13: 11-13					
0202N1L2	De libro Levítici	Lv. 12: 1-5					
0202N1L3		Lv. 12: 6-8					
0211N1L1	De Parábolis Salomónis	Pr. 8: 12-17			CBMVN1L1		
0211N1L2		Pr. 8: 18-25			CBMVN1L2		
0211N1L3		Pr. 8: 34-36; 9: 1-5			CBMVN1L3		
0222N1L1	Incipit Epístola prima beáti Petri Apóstoli	1 P. 1: 1-5			P5F1N1L1		
0222N1L2		1 P. 1: 6-9				cf. P5F1N1L2	
0222N1L3		1 P. 1: 10-12					
0224N1L1	De Actibus Apostolórum	Ac. 1: 15-18				cf. P1F2L3	
0224N1L2		Ac. 1: 19-22					
0224N1L3		Ac. 1: 23-26					
0319N1L1	De libro Génesis	Gn. 39: 1-5					
0319N1L2		Gn. 41: 37-40					
0319N1L3		Gn. 41: 41-44					
0324N1L1	De Daniéle Prophéta	Dn. 9: 20-23				cf. 11H3F7L2 sq	
0324N1L2		Dn. 9: 24-25					
0324N1L3		Dn. 9: 26-27					
0325N1L1	De Isaía Prophéta	Is. 7: 10-15			A1F7L3		
0325N1L2		Is. 11: 1-5				cf. A2F1N1L1/2	
0325N1L3		Is. 35: 1-7			A4F1N1L1		
Q5F6bN1L1	De Isaía Prophéta	Is. 53: 1-5					
Q5F6bN1L2		Is. 53: 6-9					
Q5F6bN1L3		Is. 53: 10-12					
0411N1L1	Incipit Epístola prima beáti Petri Apóstoli	1 P. 1: 1-5				cf. 0222N1L1/2/3	
0411N1L2		1 P. 1: 6-12					
0411N1L3		1 P. 1: 13-21					
P2F4bN1L1	De libro Génesis	Gn. 39: 1-6				cf. 0319N1L1/2/3	
P2F4bN1L2		Gn. 41: 37-43					
P2F4bN1L3		Gn. 41: 44-49					
0501N1L1	Incipit Epístola cathólica beáti Jacóbi Apóstoli	Jc. 1: 1-6			P4F1N1L1		
0501N1L2		Jc. 1: 6-11			P4F1N1L2		
0501N1L3		Jc. 1: 12-16			P4F1N1L3		
0501bN1L1	De libro Génesis	Gn. 1: 27-28, 31; 2: 1-3				cf. 7GF2L1 sq	
0501bN1L2		Gn. 2: 7-9, 15					
0501bN1L3		Gn. 3: 17-19, 23-24					
0503N1L1	De Epístola beáti Pauli Apóstoli ad Gálatas	Ga. 3: 10-14				cf. E3F2L3	
0503N1L2	De Epístola ad Philippénses	Ph. 2: 5-11					
0503N1L3	De Epístola ad Colossénses	Col. 2: 9-15					
0506N1L1	Incipit Epístola prima beáti Joánnis Apóstoli	1 Jn. 1: 1-5			P6F1N1L1		
0506N1L2		1 Jn. 1: 6-10			P6F1N1L2		
0506N1L3		1 Jn. 2: 1-6			P6F1N1L3		
0508N1L1	De Daniéle Prophéta	Dn. 7: 9-11					
0508N1L2		Dn. 10: 4-8					
0508N1L3		Dn. 10: 9-14					
0611N1L1	De Actibus Apostolórum	Ac. 13: 43-47					
0611N1L2		Ac. 13: 48-52					
0611N1L3		Ac. 14: 1-3					
0624N1L1	Incipit liber Jeremíæ Prophétæ	Jr. 1: 1-5				cf. Q5F1N1L1	
0624N1L2		Jr. 1: 6-10				cf. Q5F1N1L2	
0624N1L3		Jr. 1: 17-19				cf. Q5F1N1L3	
0629N1L1	De Actibus Apostolórum	Ac. 3: 1-5				cf. P1F4L1/2	
0629N1L2		Ac. 3: 6-10					
0629N1L3		Ac. 3: 11-16					
0630N1L1	De Actibus Apostolórum	Ac. 13: 1-4					
0630N1L2		Ac. 13: 5-8					
0630N1L3		Ac. 13: 9-13				cf. P2F1N1L1	
0701N1L1	De Epístola beáti Pauli Apóstoli ad Hebrǽos	He. 9: 11-15				cf. Q6F7N3L1/2/3	
0701N1L2		He. 9: 16-22					
0701N1L3		He. 10: 19-24					
0702N1L1	De Cánticis canticórum	Ct. 2: 1-7					
0702N1L2		Ct. 2: 8-13					
0702N1L3		Ct. 2: 13-17					
0722N1L1	De Cánticis canticórum	Ct. 3: 1-4					
0722N1L2		Ct. 8: 1-4					
0722N1L3		Ct. 8: 5-7					
0801N1L1	De Actibus Apostolórum	Ac. 12: 1-5					
0801N1L2		Ac. 12: 6-8					
0801N1L3		Ac. 12: 9-11					
0803N1L1	De Actibus Apostolórum	Ac. 7: 51-54				CF 1226N1L2	
0803N1L2		Ac. 7: 55-58				cf. 1226N1L3	
0803N1L3		Ac. 7: 59; 8: 1-2					
0806N1L1	De Epístola secúnda beáti Petri Apóstoli	2 P. 1: 10-14				cf. P5F6N1L3	
0806N1L2		2 P. 1: 15-17					
0806N1L3		2 P. 1: 18-21					
0810N1L1	De libro Ecclesiástici	Si. 51: 1-6				@Commune/C6:Lectio1 in 2 loco	
0810N1L2		Si. 51: 6-9					
0810N1L3		Si. 51: 10-12					
0815N1L1	De libro Génesis	Gn. 3: 9-15					
0815N1L2		1 Co. 15: 20-26					
0815N1L3		1 Co. 15: 53-57					
0815bN1L1	Incípiunt Cántica canticórum	Ct. 1: 1-4			0908N1L1		
0815bN1L2		Ct. 1: 5-9			0908N1L2		
0815bN1L3		Ct. 1: 10-16			0908N1L3		
0818N1L1	De Cánticis canticórum	Ct. 4: 7-9, 12					
0818N1L2		Ct. 6: 3, 8-9; 8: 5					
0818N1L3		Ct. 8: 6-7					
0818bN1L1	De Cánticis canticórum	Ct. 4: 1-4					
0818bN1L2		Ct. 4: 7-10					
0818bN1L3		Ct. 4: 11-15					
0822N1L1	De Cánticis canticórum	Ct. 8: 5-6					
0822N1L2		Ct. 8: 7-9					
0822N1L3		Ct. 8: 10-14					
0829N1L1	Incipit liber Jeremíæ Prophétæ	Jr. 1: 1-5			0624N1L1		
0829N1L2		Jr. 1: 6-10			0624N1L2		
0829N1L3		Jr. 1: 17-19			0624N1L3		
0908N1L1	Incípiunt Cántica canticórum	Ct. 1: 1-4					
0908N1L2		Ct. 1: 5-9					
0908N1L3		Ct. 1: 10-16					
0914N1L1	De libro Númeri	Nb. 21: 1-3					
0914N1L2		Nb. 21: 4-6					
0914N1L3		Nb. 21: 6-9					
0915N1L1	De Jeremía Prophéta	Lm. 1: 2; 1: 20-21				En fait, Lam et non Jr?!	
0915N1L2		Lm. 2: 13, 15-16					
0915N1L3		Lm. 2: 17-18					
0917N1L1	De Epístola beáti Pauli Apóstoli ad Gálatas	Ga. 5: 25-26; 6: 1-6					
0917N1L2		Ga. 6: 7-13					
0917N1L3		Ga. 6: 14-18					
0918N1L1	De Epístola secúnda beáti Pauli Apóstoli ad Corínthios	2 Co. 4: 6-11					
0918N1L2		2 Co. 5: 1-8					
0918N1L3		2 Co. 12: 1-9					
0929N1L1	De Daniéle Prophéta	Dn. 7: 9-11			0508N1L1		
0929N1L2		Dn. 10: 4-8			0508N1L2		
0929N1L3		Dn. 10: 9-14			0508N1L3		
1002N1L1	De libro Éxodi	Ex. 23: 20-23					
1002N1L2	De Zacharía Prophéta	Za. 1: 7-11					
1002N1L3		Za. 2: 1-5					
1007N1L1	De Libro Ecclesiástici	Si. 24: 11-16					
1007N1L2		Si. 24: 17-22					
1007N1L3		Si. 24: 24-31					
1011N1L1	De libro Ecclesiástici	Si. 24: 5-11				cf. 1002N1L1sq	
1011N1L2		Si. 24: 12-16					
1011N1L3		Si. 24: 17-23					
1024N1L1	De libro Tobíæ	Tb. 12: 1-4				cf. 09H3F5L1	
1024N1L2		Tb. 12: 5-13				09H3F5L2	
1024N1L3		Tb. 12: 14-22				09H3F5L3	
10H6F1N1L1	De Epístola beáti Pauli Apóstoli ad Colossénses	Col. 1: 3-8				cf. E4F3L1	
10H6F1N1L2		Col. 1: 9-17				cf. E4F3L2	
10H6F1N1L3		Col. 1: 18-23				cf. E4F3L3	
1028N1L1	Incipit Epístola cathólica beáti Judæ Apóstoli	Jd. 1: 1-4			P6F7N1L1		
1028N1L2		Jd. 1: 5-8			P6F7N1L2		
1028N1L3		Jd. 1: 9-13			P6F7N1L3		
1101N1L1	De libro Apocalýpsis beáti Joánnis Apóstoli	Ap. 4: 2-8				cf. P3F3L1 sq	
1101N1L2		Ap. 5: 1-8				cf. P3F4L1	
1101N1L3		Ap. 5: 9-14				cf. P3F4L2sq	
1102N1L1		Jb. 7: 16-21			ODEFN1L1	sans incipit	
1102N1L2		Jb. 14: 1-6			ODEFN2L2		
1102N1L3		Jb. 19: 20-27			ODEFN3L2		
1102N3L1	De Epístola prima beáti Pauli Apóstoli ad Corínthios	1 Co. 15: 12-22				cf. 0815N1L2	
1102N3L2		1 Co. 15: 35-44					
1102N3L3		1 Co. 15: 51-58				cf. 0815N1L3	
1109N1L1	De libro Apocalýpsis beáti Joánnis Apóstoli	Ap. 21: 9-11					
1109N1L2		Ap. 21: 12-15					
1109N1L3		Ap. 21: 16-18					
1111N1L1	De Epístola prima beáti Pauli Apóstoli ad Timótheum	1 Tm. 3: 1-7			COPON1L1		
1111N1L2	De Epístola ad Titum	Tt. 1: 7-11			COPON1L2		
1111N1L3		Tt. 2: 1-8			COPON1L3		
1118N1L1	De libro Apocalýpsis beáti Joánnis Apóstoli	Ap. 21: 18-20				cf. 1109N1L3	
1118N1L2		Ap. 21: 21-23					
1118N1L3		Ap. 21: 24-27					
1122N1L1	De Epístola prima beáti Pauli Apóstoli ad Corínthios	1 Co. 7: 25-31			MUVXN1L1		
1122N1L2		1 Co. 7: 32-35			MUVXN1L2		
1122N1L3		1 Co. 7: 36-40			MUVXN1L3		
1130N1L1	De Epístola beáti Pauli Apóstoli ad Romános	Rm. 10: 4-9					
1130N1L2		Rm. 10: 10-15					
1130N1L3		Rm. 10: 16-21					
1208N1L1	De libro Génesis	Gn. 3: 1-5				cf. 7GF4L1&2	
1208N1L2		Gn. 3: 6-8					
1208N1L3		Gn. 3: 9-15					